{
	"bankList": [{
		"date": "2021-09-01",
		"income": "in",
		"classify": "",
		"history": "용돈",
		"price": 20000
	},
	{
		"date": "2021-09-01",
		"income": "out",
		"classify": "health",
		"history": "샐러드",
		"price": 10000
	},
	{
		"date": "2021-09-01",
		"income": "out",
		"classify": "eatout",
		"history": "맛있어돈까스",
		"price": 8000
	},
	{
		"date": "2021-09-01",
		"income": "out",
		"classify": "mart",
		"history": "이마트",
		"price": 36000
	},
	{
		"date": "2021-09-01",
		"income": "out",
		"classify": "eatout",
		"history": "냉면",
		"price": 8000
	},
	{
		"date": "2021-09-02",
		"income": "in",
		"classify": "",
		"history": "월급",
		"price": 4000000
	},
	{
		"date": "2021-09-02",
		"income": "out",
		"classify": "mart",
		"history": "홈플러스",
		"price": 35000
	},
	{
		"date": "2021-09-02",
		"income": "out",
		"classify": "mart",
		"history": "롯데마트",
		"price": 15900
	},
	{
		"date": "2021-09-02",
		"income": "out",
		"classify": "eatout",
		"history": "우리할매떡볶이",
		"price": 10500
	},
	{
		"date": "2021-09-03",
		"income": "out",
		"classify": "eatout",
		"history": "뼈해장국",
		"price": 6500
	},
	{
		"date": "2021-09-03",
		"income": "out",
		"classify": "mart",
		"history": "코스트코",
		"price": 130000
	},
	{
		"date": "2021-09-03",
		"income": "out",
		"classify": "shopping",
		"history": "잔스포츠",
		"price": 55000
	},
	{
		"date": "2021-09-03",
		"income": "out",
		"classify": "shopping",
		"history": "올리브영",
		"price": 10000
	},
	{
		"date": "2021-09-03",
		"income": "in",
		"classify": "",
		"history": "용돈",
		"price": 30000
	},
	{
		"date": "2021-09-04",
		"income": "out",
		"classify": "shopping",
		"history": "책",
		"price": 23000
	},
	{
		"date": "2021-09-04",
		"income": "out",
		"classify": "mart",
		"history": "롯데마트",
		"price": 36500
	},
	{
		"date": "2021-09-04",
		"income": "out",
		"classify": "shopping",
		"history": "CGV",
		"price": 16000
	},
	{
		"date": "2021-09-04",
		"income": "out",
		"classify": "mart",
		"history": "code책",
		"price": 22500
	},
	{
		"date": "2021-09-04",
		"income": "out",
		"classify": "mart",
		"history": "홈플러스창동점",
		"price": 13500
	},
	{
		"date": "2021-09-05",
		"income": "in",
		"classify": "health",
		"history": "광역알뜰 마일리지",
		"price": 6500
	},
	{
		"date": "2021-09-05",
		"income": "out",
		"classify": "mart",
		"history": "고등어",
		"price": 10000
	},
	{
		"date": "2021-09-05",
		"income": "out",
		"classify": "mart",
		"history": "yes24",
		"price": 30000
	},
	{
		"date": "2021-09-05",
		"income": "out",
		"classify": "health",
		"history": "마카다미아 견과류",
		"price": 17000
	},
	{
		"date": "2021-09-06",
		"income": "in",
		"classify": "",
		"history": "용돈",
		"price": 50000
	},
	{
		"date": "2021-09-06",
		"income": "out",
		"classify": "oiling",
		"history": "성남주유소",
		"price": 50000
	},
	{
		"date": "2021-09-06",
		"income": "out",
		"classify": "mart",
		"history": "롯데마트",
		"price": 112000
	},
	{
		"date": "2021-09-06",
		"income": "out",
		"classify": "mart",
		"history": "마트킹",
		"price": 5500
	},
	{
		"date": "2021-09-07",
		"income": "out",
		"classify": "health",
		"history": "미소치과",
		"price": 70000
	},
	{
		"date": "2021-09-07",
		"income": "out",
		"classify": "eatout",
		"history": "아웃백",
		"price": 45000
	},
	{
		"date": "2021-09-07",
		"income": "out",
		"classify": "mart",
		"history": "홈플러스",
		"price": 64000
	},
	{
		"date": "2021-09-07",
		"income": "out",
		"classify": "mart",
		"history": "농협하나로마트",
		"price": 23530
	},
	{
		"date": "2021-09-07",
		"income": "out",
		"classify": "eatout",
		"history": "푸라닭치킨",
		"price": 19800
	},
	{
		"date": "2021-09-07",
		"income": "out",
		"classify": "eatout",
		"history": "배달의민족",
		"price": 32000
	},
	{
		"date": "2021-09-08",
		"income": "out",
		"classify": "mart",
		"history": "홈플러스",
		"price": 12300
	},
	{
		"date": "2021-09-08",
		"income": "in",
		"classify": "",
		"history": "근로장려금",
		"price": 362850
	},
	{
		"date": "2021-09-08",
		"income": "out",
		"classify": "eatout",
		"history": "쉑쉑버거",
		"price": 10500
	},
	{
		"date": "2021-09-10",
		"income": "out",
		"classify": "mart",
		"history": "이마트 트레이더스",
		"price": 82300
	},
	{
		"date": "2021-09-11",
		"income": "in",
		"classify": "",
		"history": "유튜브 수익",
		"price": 100000
	},
	{
		"date": "2021-09-12",
		"income": "out",
		"classify": "eatout",
		"history": "신선설농탕",
		"price": 9800
	},
	{
		"date": "2021-09-12",
		"income": "out",
		"classify": "eatout",
		"history": "교촌치킨",
		"price": 48900
	},
	{
		"date": "2021-09-12",
		"income": "out",
		"classify": "eatout",
		"history": "아미초밥",
		"price": 11900
	},
	{
		"date": "2021-09-12",
		"income": "in",
		"classify": "",
		"history": "추석 용돈",
		"price": 50000
	},
	{
		"date": "2021-09-13",
		"income": "out",
		"classify": "oiling",
		"history": "GS칼텍스",
		"price": 50000
	},
	{
		"date": "2021-09-13",
		"income": "out",
		"classify": "mart",
		"history": "이마트",
		"price": 33500
	},
	{
		"date": "2021-09-13",
		"income": "out",
		"classify": "mart",
		"history": "이마트 트레이더스",
		"price": 79800
	},
	{
		"date": "2021-09-13",
		"income": "out",
		"classify": "health",
		"history": "헬스 PT",
		"price": 700000
	},
	{
		"date": "2021-09-13",
		"income": "out",
		"classify": "eatout",
		"history": "엽기떡볶이",
		"price": 16000
	},
	{
		"date": "2021-09-14",
		"income": "out",
		"classify": "mart",
		"history": "GS25",
		"price": 3100
	},
	{
		"date": "2021-09-14",
		"income": "out",
		"classify": "eatout",
		"history": "맘스터치",
		"price": 10900
	},
	{
		"date": "2021-09-14",
		"income": "out",
		"classify": "mart",
		"history": "휴지",
		"price": 22000
	},
	{
		"date": "2021-09-14",
		"income": "out",
		"classify": "mart",
		"history": "김밥 재료",
		"price": 40000
	},
	{
		"date": "2021-09-14",
		"income": "out",
		"classify": "eatout",
		"history": "명동칼국수",
		"price": 7000
	},
	{
		"date": "2021-09-14",
		"income": "out",
		"classify": "eatout",
		"history": "배스킨라빈스",
		"price": 14000
	},
	{
		"date": "2021-09-15",
		"income": "out",
		"classify": "eatout",
		"history": "땅스부대찌개",
		"price": 9900
	},
	{
		"date": "2021-09-15",
		"income": "out",
		"classify": "health",
		"history": "비타민D 구미젤리",
		"price": 10000
	},
	{
		"date": "2021-09-15",
		"income": "out",
		"classify": "mart",
		"history": "세븐일레븐",
		"price": 5300
	},
	{
		"date": "2021-09-16",
		"income": "out",
		"classify": "eatout",
		"history": "버거킹",
		"price": 7000
	},
	{
		"date": "2021-09-16",
		"income": "out",
		"classify": "mart",
		"history": "CU",
		"price": 2000
	},
	{
		"date": "2021-09-17",
		"income": "out",
		"classify": "eatout",
		"history": "초밥",
		"price": 16000
	},
	{
		"date": "2021-09-17",
		"income": "out",
		"classify": "shopping",
		"history": "G마켓",
		"price": 40000
	},
	{
		"date": "2021-09-17",
		"income": "in",
		"classify": "",
		"history": "근로장려금",
		"price": 300000
	},
	{
		"date": "2021-09-17",
		"income": "out",
		"classify": "mart",
		"history": "GS25",
		"price": 3000
	},
	{
		"date": "2021-09-18",
		"income": "out",
		"classify": "shopping",
		"history": "테크노마트",
		"price": 41000
	},
	{
		"date": "2021-09-18",
		"income": "out",
		"classify": "health",
		"history": "오메가3",
		"price": 11000
	},
	{
		"date": "2021-09-18",
		"income": "out",
		"classify": "mart",
		"history": "k마트",
		"price": 25410
	},
	{
		"date": "2021-09-19",
		"income": "out",
		"classify": "shopping",
		"history": "쿠팡로켓배송",
		"price": 15000
	},
	{
		"date": "2021-09-19",
		"income": "out",
		"classify": "shopping",
		"history": "하이마트",
		"price": 310000
	},
	{
		"date": "2021-09-19",
		"income": "out",
		"classify": "mart",
		"history": "이마트구로점",
		"price": 14000
	},
	{
		"date": "2021-09-20",
		"income": "out",
		"classify": "oiling",
		"history": "SOil",
		"price": 30000
	},
	{
		"date": "2021-09-20",
		"income": "out",
		"classify": "shopping",
		"history": "쿠팡",
		"price": 42000
	},
	{
		"date": "2021-09-20",
		"income": "out",
		"classify": "mart",
		"history": "홈플러스동대문점",
		"price": 16580
	},
	{
		"date": "2021-09-20",
		"income": "out",
		"classify": "shopping",
		"history": "아디다스영통점",
		"price": 69000
	},
	{
		"date": "2021-09-21",
		"income": "in",
		"classify": "",
		"history": "쿠팡급여",
		"price": 78000
	},
	{
		"date": "2021-09-21",
		"income": "out",
		"classify": "shopping",
		"history": "영풍문고",
		"price": 21000
	},
	{
		"date": "2021-09-21",
		"income": "out",
		"classify": "shopping",
		"history": "교보문고",
		"price": 19000
	},
	{
		"date": "2021-09-21",
		"income": "out",
		"classify": "oiling",
		"history": "GS 칼텍스",
		"price": 50000
	},
	{
		"date": "2021-09-22",
		"income": "out",
		"classify": "shopping",
		"history": "애플 워치",
		"price": 539000
	},
	{
		"date": "2021-09-22",
		"income": "out",
		"classify": "shopping",
		"history": "맥북 프로",
		"price": 3190000
	},
	{
		"date": "2021-09-22",
		"income": "out",
		"classify": "mart",
		"history": "코카콜라 2박스",
		"price": 51800
	},
	{
		"date": "2021-09-23",
		"income": "out",
		"classify": "shopping",
		"history": "닌텐도 스위치",
		"price": 318710
	},
	{
		"date": "2021-09-23",
		"income": "out",
		"classify": "shopping",
		"history": "나이키 강남점",
		"price": 69000
	},
	{
		"date": "2021-09-24",
		"income": "out",
		"classify": "health",
		"history": "프로틴",
		"price": 20000
	},
	{
		"date": "2021-09-24",
		"income": "out",
		"classify": "mart",
		"history": "늘 조은 마트",
		"price": 21650
	},
	{
		"date": "2021-09-24",
		"income": "out",
		"classify": "shopping",
		"history": "검은색 슬랙스바지",
		"price": 29000
	},
	{
		"date": "2021-09-24",
		"income": "in",
		"classify": "",
		"history": "알바 수당",
		"price": 50000
	},
	{
		"date": "2021-09-25",
		"income": "out",
		"classify": "shopping",
		"history": "유산균 2개월치",
		"price": 39000
	},
	{
		"date": "2021-09-25",
		"income": "out",
		"classify": "mart",
		"history": "콘칩",
		"price": 1500
	},
	{
		"date": "2021-09-25",
		"income": "out",
		"classify": "shopping",
		"history": "대파",
		"price": 3100
	},
	{
		"date": "2021-09-26",
		"income": "out",
		"classify": "health",
		"history": "수영 레슨비",
		"price": 14000
	},
	{
		"date": "2021-09-26",
		"income": "out",
		"classify": "shopping",
		"history": "AWS 서버 구입",
		"price": 8100
	},
	{
		"date": "2021-09-26",
		"income": "out",
		"classify": "eatout",
		"history": "스타벅스",
		"price": 4100
	},
	{
		"date": "2021-09-26",
		"income": "out",
		"classify": "shopping",
		"history": "11번가",
		"price": 70700
	},
	{
		"date": "2021-09-29",
		"income": "out",
		"classify": "eatout",
		"history": "김밥천국",
		"price": 6000
	},
	{
		"date": "2021-09-29",
		"income": "out",
		"classify": "shopping",
		"history": "알라딘",
		"price": 62000
	},
	{
		"date": "2021-09-29",
		"income": "in",
		"classify": "",
		"history": "국민지원금",
		"price": 250000
	},
	{
		"date": "2021-09-30",
		"income": "out",
		"classify": "mart",
		"history": "이마트",
		"price": 99999
	},
	{
		"date": "2021-09-30",
		"income": "out",
		"classify": "shopping",
		"history": "교보문고",
		"price": 25000
	},
	{
		"date": "2021-10-01",
		"income": "out",
		"classify": "eatout",
		"history": "더파크뷰",
		"price": 195000
	},
	{
		"date": "2021-10-01",
		"income": "out",
		"classify": "shopping",
		"history": "JARA",
		"price": 59000
	},
	{
		"date": "2021-10-01",
		"income": "out",
		"classify": "eatout",
		"history": "파스퇴르",
		"price": 7000
	},
	{
		"date": "2021-10-01",
		"income": "out",
		"classify": "shopping",
		"history": "젤네일",
		"price": 115000
	},
	{
		"date": "2021-10-02",
		"income": "in",
		"classify": "",
		"history": "아프리카TV",
		"price": 236000
	},
	{
		"date": "2021-10-02",
		"income": "out",
		"classify": "shopping",
		"history": "블루투스 마우스",
		"price": 116000
	},
	{
		"date": "2021-10-02",
		"income": "out",
		"classify": "eatout",
		"history": "아웃백 스테이크하우스",
		"price": 114000
	},
	{
		"date": "2021-10-03",
		"income": "in",
		"classify": "",
		"history": "업비트",
		"price": 370000
	},
	{
		"date": "2021-10-03",
		"income": "out",
		"classify": "mart",
		"history": "Costco",
		"price": 135000
	}]
}